question_id,label,question_ko,question_en,answer_type,answer_options
overall_satisfaction,전반적 만족도,오늘 공연에 전반적으로 만족했다.,"Overall, I was satisfied with today’s performance.",5점 리커트 척도 단일 선택,"1=전혀 그렇지 않다(Strongly disagree), 2=그렇지 않다(Disagree), 3=보통이다(Neutral), 4=그렇다(Agree), 5=매우 그렇다(Strongly agree)"
flow_immersion,흐름/몰입도,공연의 흐름이 자연스럽고 몰입하기 좋았다.,The flow of the performance felt natural and immersive.,5점 리커트 척도 단일 선택,"1=전혀 그렇지 않다(Strongly disagree), 2=그렇지 않다(Disagree), 3=보통이다(Neutral), 4=그렇다(Agree), 5=매우 그렇다(Strongly agree)"
space_fit,공간 적합도,공연 공간의 분위기가 곡과 잘 어울렸다.,The atmosphere of the venue matched the songs well.,5점 리커트 척도 단일 선택,"1=전혀 그렇지 않다(Strongly disagree), 2=그렇지 않다(Disagree), 3=보통이다(Neutral), 4=그렇다(Agree), 5=매우 그렇다(Strongly agree)"
floor_seating_comfort,바닥 착석 편안함,돗자리에 앉아 인터렉션에 참여하는 공연장의 공간 구도가 편안했다.,The floor-seating layout for participating in the interactions felt comfortable.,5점 리커트 척도 단일 선택,"1=전혀 그렇지 않다(Strongly disagree), 2=그렇지 않다(Disagree), 3=보통이다(Neutral), 4=그렇다(Agree), 5=매우 그렇다(Strongly agree)"
active_participation,능동적 참여도,기존의 일반적인 공연보다 더 능동적으로 참여한다고 느꼈다.,"Compared with a typical concert, I felt more actively involved.",5점 리커트 척도 단일 선택,"1=전혀 그렇지 않다(Strongly disagree), 2=그렇지 않다(Disagree), 3=보통이다(Neutral), 4=그렇다(Agree), 5=매우 그렇다(Strongly agree)"
artistic_fit,예술적 적합도,인터렉션 요소가 공연의 예술적 완성도를 해치지 않고 자연스럽게 어울렸다.,The interactive elements felt natural and did not weaken the artistic quality.,5점 리커트 척도 단일 선택,"1=전혀 그렇지 않다(Strongly disagree), 2=그렇지 않다(Disagree), 3=보통이다(Neutral), 4=그렇다(Agree), 5=매우 그렇다(Strongly agree)"
revisit_intent,재관람 의향,다시 비슷한 형식의 공연을 관람하고 싶다.,I would like to attend a similar performance again.,5점 리커트 척도 단일 선택,"1=전혀 그렇지 않다(Strongly disagree), 2=그렇지 않다(Disagree), 3=보통이다(Neutral), 4=그렇다(Agree), 5=매우 그렇다(Strongly agree)"
mood_understanding.projection,분위기 이해 - 빔프로젝터,곡의 감정이나 분위기를 이해하는 데 도움이 되었다. - 빔프로젝터,It helped me understand the emotion or mood of the songs. - Projection,영역별 5점 리커트 척도 단일 선택,"1=전혀 그렇지 않다(Strongly disagree), 2=그렇지 않다(Disagree), 3=보통이다(Neutral), 4=그렇다(Agree), 5=매우 그렇다(Strongly agree)"
mood_understanding.web_page,분위기 이해 - 웹 페이지,곡의 감정이나 분위기를 이해하는 데 도움이 되었다. - 웹 페이지,It helped me understand the emotion or mood of the songs. - Web page,영역별 5점 리커트 척도 단일 선택,"1=전혀 그렇지 않다(Strongly disagree), 2=그렇지 않다(Disagree), 3=보통이다(Neutral), 4=그렇다(Agree), 5=매우 그렇다(Strongly agree)"
mood_understanding.physical_touch,분위기 이해 - 실물 터치,곡의 감정이나 분위기를 이해하는 데 도움이 되었다. - 실물 터치,It helped me understand the emotion or mood of the songs. - Physical touch,영역별 5점 리커트 척도 단일 선택,"1=전혀 그렇지 않다(Strongly disagree), 2=그렇지 않다(Disagree), 3=보통이다(Neutral), 4=그렇다(Agree), 5=매우 그렇다(Strongly agree)"
participation_immersion.projection,참여 몰입 - 빔프로젝터,공연에 참여하고 몰입하고 있다는 느낌을 주었다. - 빔프로젝터,It made me feel involved and immersed in the performance. - Projection,영역별 5점 리커트 척도 단일 선택,"1=전혀 그렇지 않다(Strongly disagree), 2=그렇지 않다(Disagree), 3=보통이다(Neutral), 4=그렇다(Agree), 5=매우 그렇다(Strongly agree)"
participation_immersion.web_page,참여 몰입 - 웹 페이지,공연에 참여하고 몰입하고 있다는 느낌을 주었다. - 웹 페이지,It made me feel involved and immersed in the performance. - Web page,영역별 5점 리커트 척도 단일 선택,"1=전혀 그렇지 않다(Strongly disagree), 2=그렇지 않다(Disagree), 3=보통이다(Neutral), 4=그렇다(Agree), 5=매우 그렇다(Strongly agree)"
participation_immersion.physical_touch,참여 몰입 - 실물 터치,공연에 참여하고 몰입하고 있다는 느낌을 주었다. - 실물 터치,It made me feel involved and immersed in the performance. - Physical touch,영역별 5점 리커트 척도 단일 선택,"1=전혀 그렇지 않다(Strongly disagree), 2=그렇지 않다(Disagree), 3=보통이다(Neutral), 4=그렇다(Agree), 5=매우 그렇다(Strongly agree)"
interaction_comfort.projection,상호작용 편안함 - 빔프로젝터,참여 방식이 직관적이고 부담스럽지 않았다. - 빔프로젝터,The way of participating felt intuitive and comfortable. - Projection,영역별 5점 리커트 척도 단일 선택,"1=전혀 그렇지 않다(Strongly disagree), 2=그렇지 않다(Disagree), 3=보통이다(Neutral), 4=그렇다(Agree), 5=매우 그렇다(Strongly agree)"
interaction_comfort.web_page,상호작용 편안함 - 웹 페이지,참여 방식이 직관적이고 부담스럽지 않았다. - 웹 페이지,The way of participating felt intuitive and comfortable. - Web page,영역별 5점 리커트 척도 단일 선택,"1=전혀 그렇지 않다(Strongly disagree), 2=그렇지 않다(Disagree), 3=보통이다(Neutral), 4=그렇다(Agree), 5=매우 그렇다(Strongly agree)"
interaction_comfort.physical_touch,상호작용 편안함 - 실물 터치,참여 방식이 직관적이고 부담스럽지 않았다. - 실물 터치,The way of participating felt intuitive and comfortable. - Physical touch,영역별 5점 리커트 척도 단일 선택,"1=전혀 그렇지 않다(Strongly disagree), 2=그렇지 않다(Disagree), 3=보통이다(Neutral), 4=그렇다(Agree), 5=매우 그렇다(Strongly agree)"
most_impressive,인상 깊었던 요소,이번 공연에서 가장 인상 깊었던 요소는 무엇인가요? 복수 선택이 가능합니다.,What were the most memorable elements of this performance? You may select multiple options.,복수 선택형 체크박스,"음악(Music), 공간 연출(Spatial direction), 천장 프로젝션(Ceiling projection), 웹 이모지 반응(Web emoji reactions), 천둥 버튼(Thunder button), 손 모양 마네킹 인터렉션(Hand mannequin interaction), 관객들과 함께 참여하는 분위기(The shared audience atmosphere)"
memorable_moment,기억에 남는 순간,가장 기억에 남은 순간이나 인터렉션을 적어주세요.,Please write the moment or interaction you remember most.,자유 서술형,응답자가 직접 작성
improvement,개선점,개선되었으면 하는 점이 있다면 적어주세요.,Please share anything you think could be improved.,자유 서술형,응답자가 직접 작성
